"Id","CPU","WorkingSet"
"13280","0.046875","13201408"
"19024","162.21875","74317824"
"24892","1265.21875","44974080"
"27224","0.0625","14364672"
